Action,Keyword status,Campaign,Ad group,Keyword,Match type
"Add","Enabled","Ogburn Online School","General - Home School Programs #2","10th grade homeschool","Exact match"
"Add","Enabled","Ogburn Online School","General - Home School Programs #2","10th grade online school","Exact match"
"Add","Enabled","Ogburn Online School","General - Home School Programs #2","11th grade online school","Exact match"
"Add","Enabled","Ogburn Online School","General - Home School Programs #2","12th grade homeschool","Exact match"
"Add","Enabled","Ogburn Online School","General - Home School Programs #2","3rd grade online school","Exact match"
"Add","Enabled","Ogburn Online School","General - Home School Programs #2","4th grade online school","Exact match"
"Add","Enabled","Ogburn Online School","General - Home School Programs #2","5th grade online school","Exact match"
"Add","Enabled","Ogburn Online School","General - Home School Programs #2","6th grade home school","Exact match"
"Add","Enabled","Ogburn Online School","General - Home School Programs #2","7th grade homeschool","Exact match"
"Add","Enabled","Ogburn Online School","General - Home School Programs #2","7th grade online school","Exact match"
"Add","Enabled","Ogburn Online School","General - Home School Programs #2","8th grade homeschool","Exact match"
"Add","Enabled","Ogburn Online School","General - Home School Programs #2","8th grade online school","Exact match"
"Add","Enabled","Ogburn Online School","General - Home School Programs #2","9th grade home school","Exact match"
"Add","Enabled","Ogburn Online School","General - Home School Programs #2","about homeschooling","Exact match"
"Add","Enabled","Ogburn Online School","General - Home School Programs #2","accelerated homeschool","Exact match"
"Add","Enabled","Ogburn Online School","General - Home School Programs #2","accelerated online high school","Exact match"
"Add","Enabled","Ogburn Online School","General - Home School Programs #2","accredited 8th grade homeschool programs","Exact match"
"Add","Enabled","Ogburn Online School","General - Home School Programs #2","accredited correspondence schools","Exact match"
"Add","Enabled","Ogburn Online School","General - Home School Programs #2","accredited high school diploma online","Exact match"
"Add","Enabled","Ogburn Online School","General - Home School Programs #2","accredited high school homeschool programs","Exact match"
"Add","Enabled","Ogburn Online School","General - Home School Programs #2","accredited high school online","Exact match"
"Add","Enabled","Ogburn Online School","General - Home School Programs #2","accredited home school programs","Exact match"
"Add","Enabled","Ogburn Online School","General - Home School Programs #2","accredited home schools","Exact match"
"Add","Enabled","Ogburn Online School","General - Home School Programs #2","accredited home schools k 12","Exact match"
"Add","Enabled","Ogburn Online School","General - Home School Programs #2","accredited homeschool","Exact match"
"Add","Enabled","Ogburn Online School","General - Home School Programs #2","accredited homeschool curriculum","Exact match"
"Add","Enabled","Ogburn Online School","General - Home School Programs #2","accredited homeschool high school","Exact match"
"Add","Enabled","Ogburn Online School","General - Home School Programs #2","accredited homeschool online","Exact match"
"Add","Enabled","Ogburn Online School","General - Home School Programs #2","accredited homeschool program","Exact match"
"Add","Enabled","Ogburn Online School","General - Home School Programs #2","accredited homeschool programs","Exact match"
"Add","Enabled","Ogburn Online School","General - Home School Programs #2","accredited homeschool programs for high school","Exact match"
"Add","Enabled","Ogburn Online School","General - Home School Programs #2","accredited homeschool programs for special needs","Exact match"
"Add","Enabled","Ogburn Online School","General - Home School Programs #2","accredited homeschool programs k 12","Exact match"
"Add","Enabled","Ogburn Online School","General - Home School Programs #2","accredited homeschooling","Exact match"
"Add","Enabled","Ogburn Online School","General - Home School Programs #2","accredited homeschooling programs","Exact match"
"Add","Enabled","Ogburn Online School","General - Home School Programs #2","accredited homeschools","Exact match"
"Add","Enabled","Ogburn Online School","General - Home School Programs #2","accredited online high school","Exact match"
"Add","Enabled","Ogburn Online School","General - Home School Programs #2","accredited online high school diploma","Exact match"
"Add","Enabled","Ogburn Online School","General - Home School Programs #2","accredited online high school homeschool programs","Exact match"
"Add","Enabled","Ogburn Online School","General - Home School Programs #2","accredited online high schools","Exact match"
"Add","Enabled","Ogburn Online School","General - Home School Programs #2","accredited online home schools","Exact match"
"Add","Enabled","Ogburn Online School","General - Home School Programs #2","accredited online homeschool","Exact match"
"Add","Enabled","Ogburn Online School","General - Home School Programs #2","accredited online homeschool program","Exact match"
"Add","Enabled","Ogburn Online School","General - Home School Programs #2","accredited online homeschool programs","Exact match"
"Add","Enabled","Ogburn Online School","General - Home School Programs #2","accredited online homeschools","Exact match"
"Add","Enabled","Ogburn Online School","General - Home School Programs #2","accredited online school","Exact match"
"Add","Enabled","Ogburn Online School","General - Home School Programs #2","accredited online school for athletes","Exact match"
"Add","Enabled","Ogburn Online School","General - Home School Programs #2","accredited online schools","Exact match"
"Add","Enabled","Ogburn Online School","General - Home School Programs #2","accredited online schools k 12","Exact match"
"Add","Enabled","Ogburn Online School","General - Home School Programs #2","accredited private high school online","Exact match"
"Add","Enabled","Ogburn Online School","General - Home School Programs #2","accredited private online school","Exact match"
"Add","Enabled","Ogburn Online School","General - Home School Programs #2","affordable accredited homeschool programs","Exact match"
"Add","Enabled","Ogburn Online School","General - Home School Programs #2","affordable accredited online homeschool programs","Exact match"
"Add","Enabled","Ogburn Online School","General - Home School Programs #2","affordable home schooling","Exact match"
"Add","Enabled","Ogburn Online School","General - Home School Programs #2","affordable homeschool","Exact match"
"Add","Enabled","Ogburn Online School","General - Home School Programs #2","affordable homeschool curriculum","Exact match"
"Add","Enabled","Ogburn Online School","General - Home School Programs #2","affordable homeschool programs","Exact match"
"Add","Enabled","Ogburn Online School","General - Home School Programs #2","affordable homeschooling","Exact match"
"Add","Enabled","Ogburn Online School","General - Home School Programs #2","affordable homeschooling online","Exact match"
"Add","Enabled","Ogburn Online School","General - Home School Programs #2","affordable homeschooling programs","Exact match"
"Add","Enabled","Ogburn Online School","General - Home School Programs #2","affordable online high school","Exact match"
"Add","Enabled","Ogburn Online School","General - Home School Programs #2","affordable online high schools","Exact match"
"Add","Enabled","Ogburn Online School","General - Home School Programs #2","affordable online homeschool programs","Exact match"
"Add","Enabled","Ogburn Online School","General - Home School Programs #2","affordable online homeschooling programs","Exact match"
"Add","Enabled","Ogburn Online School","General - Home School Programs #2","affordable online schools k 12","Exact match"
"Add","Enabled","Ogburn Online School","General - Home School Programs #2","all one homeschool","Exact match"
"Add","Enabled","Ogburn Online School","General - Home School Programs #2","alternative education programs","Exact match"
"Add","Enabled","Ogburn Online School","General - Home School Programs #2","alternative high school","Exact match"
"Add","Enabled","Ogburn Online School","General - Home School Programs #2","alternative high schools","Exact match"
"Add","Enabled","Ogburn Online School","General - Home School Programs #2","alternative online high school","Exact match"
"Add","Enabled","Ogburn Online School","General - Home School Programs #2","alternative programs for high school dropouts","Exact match"
"Add","Enabled","Ogburn Online School","General - Home School Programs #2","alternative school","Exact match"
"Add","Enabled","Ogburn Online School","General - Home School Programs #2","alternative schooling","Exact match"
"Add","Enabled","Ogburn Online School","General - Home School Programs #2","alternative schools","Exact match"
"Add","Enabled","Ogburn Online School","General - Home School Programs #2","alternative schools for 14 year olds","Exact match"
"Add","Enabled","Ogburn Online School","General - Home School Programs #2","alternative schools for 15 year olds","Exact match"
"Add","Enabled","Ogburn Online School","General - Home School Programs #2","alternative to high school","Exact match"
"Add","Enabled","Ogburn Online School","General - Home School Programs #2","alternative ways to finish high school","Exact match"
"Add","Enabled","Ogburn Online School","General - Home School Programs #2","alternatives to high school","Exact match"
"Add","Enabled","Ogburn Online School","General - Home School Programs #2","alternitive school","Exact match"
"Add","Enabled","Ogburn Online School","General - Home School Programs #2","application for homeschooling","Exact match"
"Add","Enabled","Ogburn Online School","General - Home School Programs #2","apply for home school","Exact match"
"Add","Enabled","Ogburn Online School","General - Home School Programs #2","apply online high school","Exact match"
"Add","Enabled","Ogburn Online School","General - Home School Programs #2","approved homeschool programs","Exact match"
"Add","Enabled","Ogburn Online School","General - Home School Programs #2","aps online high school","Exact match"
"Add","Enabled","Ogburn Online School","General - Home School Programs #2","beginning homeschooling","Exact match"
"Add","Enabled","Ogburn Online School","General - Home School Programs #2","believes homeschool","Exact match"
"Add","Enabled","Ogburn Online School","General - Home School Programs #2","best accredited homeschool programs","Exact match"
"Add","Enabled","Ogburn Online School","General - Home School Programs #2","best accredited online homeschool programs","Exact match"
"Add","Enabled","Ogburn Online School","General - Home School Programs #2","best accredited online schools","Exact match"
"Add","Enabled","Ogburn Online School","General - Home School Programs #2","best home school","Exact match"
"Add","Enabled","Ogburn Online School","General - Home School Programs #2","best home school program","Exact match"
"Add","Enabled","Ogburn Online School","General - Home School Programs #2","best home school programs","Exact match"
"Add","Enabled","Ogburn Online School","General - Home School Programs #2","best home schools","Exact match"
"Add","Enabled","Ogburn Online School","General - Home School Programs #2","best homeschool","Exact match"
"Add","Enabled","Ogburn Online School","General - Home School Programs #2","best homeschool curriculum","Exact match"
"Add","Enabled","Ogburn Online School","General - Home School Programs #2","best homeschool online","Exact match"
"Add","Enabled","Ogburn Online School","General - Home School Programs #2","best homeschool program","Exact match"
"Add","Enabled","Ogburn Online School","General - Home School Programs #2","best homeschool programs","Exact match"
"Add","Enabled","Ogburn Online School","General - Home School Programs #2","best homeschool programs for high school","Exact match"
"Add","Enabled","Ogburn Online School","General - Home School Programs #2","best homeschooling programs","Exact match"
"Add","Enabled","Ogburn Online School","General - Home School Programs #2","best internet schools","Exact match"
"Add","Enabled","Ogburn Online School","General - Home School Programs #2","best k12 online school","Exact match"
"Add","Enabled","Ogburn Online School","General - Home School Programs #2","best online accredited high schools","Exact match"
"Add","Enabled","Ogburn Online School","General - Home School Programs #2","best online accredited homeschool programs","Exact match"
"Add","Enabled","Ogburn Online School","General - Home School Programs #2","best online high school","Exact match"
"Add","Enabled","Ogburn Online School","General - Home School Programs #2","best online high school programs","Exact match"
"Add","Enabled","Ogburn Online School","General - Home School Programs #2","best online high schools","Exact match"
"Add","Enabled","Ogburn Online School","General - Home School Programs #2","best online highschool","Exact match"
"Add","Enabled","Ogburn Online School","General - Home School Programs #2","best online home schools","Exact match"
"Add","Enabled","Ogburn Online School","General - Home School Programs #2","best online homeschool","Exact match"
"Add","Enabled","Ogburn Online School","General - Home School Programs #2","best online homeschool program","Exact match"
"Add","Enabled","Ogburn Online School","General - Home School Programs #2","best online homeschool programs","Exact match"
"Add","Enabled","Ogburn Online School","General - Home School Programs #2","best online homeschool programs 2025","Exact match"
"Add","Enabled","Ogburn Online School","General - Home School Programs #2","best online homeschooling programs","Exact match"
"Add","Enabled","Ogburn Online School","General - Home School Programs #2","best online homeschooling sites","Exact match"
"Add","Enabled","Ogburn Online School","General - Home School Programs #2","best online school 4th grade","Exact match"
"Add","Enabled","Ogburn Online School","General - Home School Programs #2","best online school 6th grade","Exact match"
"Add","Enabled","Ogburn Online School","General - Home School Programs #2","best online schools for high school","Exact match"
"Add","Enabled","Ogburn Online School","General - Home School Programs #2","best online schools k 12","Exact match"
"Add","Enabled","Ogburn Online School","General - Home School Programs #2","best places to homeschool","Exact match"
"Add","Enabled","Ogburn Online School","General - Home School Programs #2","cc homeschool","Exact match"
"Add","Enabled","Ogburn Online School","General - Home School Programs #2","cheap accredited homeschool programs","Exact match"
"Add","Enabled","Ogburn Online School","General - Home School Programs #2","cheap accredited online high school","Exact match"
"Add","Enabled","Ogburn Online School","General - Home School Programs #2","cheap accredited online high schools","Exact match"
"Add","Enabled","Ogburn Online School","General - Home School Programs #2","cheap home school","Exact match"
"Add","Enabled","Ogburn Online School","General - Home School Programs #2","cheap home schools","Exact match"
"Add","Enabled","Ogburn Online School","General - Home School Programs #2","cheap homeschool","Exact match"
"Add","Enabled","Ogburn Online School","General - Home School Programs #2","cheap homeschool online","Exact match"
"Add","Enabled","Ogburn Online School","General - Home School Programs #2","cheap homeschool programs","Exact match"
"Add","Enabled","Ogburn Online School","General - Home School Programs #2","cheap homeschooling","Exact match"
"Add","Enabled","Ogburn Online School","General - Home School Programs #2","cheap homeschooling programs","Exact match"
"Add","Enabled","Ogburn Online School","General - Home School Programs #2","cheap homeschools","Exact match"
"Add","Enabled","Ogburn Online School","General - Home School Programs #2","cheap online high school","Exact match"
"Add","Enabled","Ogburn Online School","General - Home School Programs #2","cheap online high schools","Exact match"
"Add","Enabled","Ogburn Online School","General - Home School Programs #2","cheap online highschool","Exact match"
"Add","Enabled","Ogburn Online School","General - Home School Programs #2","cheap online homeschool","Exact match"
"Add","Enabled","Ogburn Online School","General - Home School Programs #2","cheap online homeschooling","Exact match"
"Add","Enabled","Ogburn Online School","General - Home School Programs #2","cheap online schooling for high school","Exact match"
"Add","Enabled","Ogburn Online School","General - Home School Programs #2","cheap online schools","Exact match"
"Add","Enabled","Ogburn Online School","General - Home School Programs #2","cheap online schools k 12","Exact match"
"Add","Enabled","Ogburn Online School","General - Home School Programs #2","children's home school","Exact match"
"Add","Enabled","Ogburn Online School","General - Home School Programs #2","dual enrollment homeschool","Exact match"
"Add","Enabled","Ogburn Online School","General - Home School Programs #2","dual enrollment online high school","Exact match"
"Add","Enabled","Ogburn Online School","General - Home School Programs #2","earn high school diploma online","Exact match"
"Add","Enabled","Ogburn Online School","General - Home School Programs #2","elementary home school","Exact match"
"Add","Enabled","Ogburn Online School","General - Home School Programs #2","elementary homeschool","Exact match"
"Add","Enabled","Ogburn Online School","General - Home School Programs #2","elementary online high school","Exact match"
"Add","Enabled","Ogburn Online School","General - Home School Programs #2","elementary online school","Exact match"
"Add","Enabled","Ogburn Online School","General - Home School Programs #2","elementary school online","Exact match"
"Add","Enabled","Ogburn Online School","General - Home School Programs #2","elementary virtual school","Exact match"
"Add","Enabled","Ogburn Online School","General - Home School Programs #2","emergency homeschooling","Exact match"
"Add","Enabled","Ogburn Online School","General - Home School Programs #2","enroll homeschool","Exact match"
"Add","Enabled","Ogburn Online School","General - Home School Programs #2","enrolling homeschool","Exact match"
"Add","Enabled","Ogburn Online School","General - Home School Programs #2","extreme home schooling","Exact match"
"Add","Enabled","Ogburn Online School","General - Home School Programs #2","finish high school online","Exact match"
"Add","Enabled","Ogburn Online School","General - Home School Programs #2","flexible online high school","Exact match"
"Add","Enabled","Ogburn Online School","General - Home School Programs #2","flexible online high school programs","Exact match"
"Add","Enabled","Ogburn Online School","General - Home School Programs #2","fully accredited online high school","Exact match"
"Add","Enabled","Ogburn Online School","General - Home School Programs #2","getting homeschooled","Exact match"
"Add","Enabled","Ogburn Online School","General - Home School Programs #2","good homeschool programs","Exact match"
"Add","Enabled","Ogburn Online School","General - Home School Programs #2","good homeschooling programs","Exact match"
"Add","Enabled","Ogburn Online School","General - Home School Programs #2","good online high school programs","Exact match"
"Add","Enabled","Ogburn Online School","General - Home School Programs #2","good online high schools","Exact match"
"Add","Enabled","Ogburn Online School","General - Home School Programs #2","good online homeschool programs","Exact match"
"Add","Enabled","Ogburn Online School","General - Home School Programs #2","good online schools for high school","Exact match"
"Add","Enabled","Ogburn Online School","General - Home School Programs #2","graduate early online high school","Exact match"
"Add","Enabled","Ogburn Online School","General - Home School Programs #2","guidelines for homeschooling","Exact match"
"Add","Enabled","Ogburn Online School","General - Home School Programs #2","having trouble homeschooling","Exact match"
"Add","Enabled","Ogburn Online School","General - Home School Programs #2","high school diploma online","Exact match"
"Add","Enabled","Ogburn Online School","General - Home School Programs #2","high school diploma programs","Exact match"
"Add","Enabled","Ogburn Online School","General - Home School Programs #2","high school home school","Exact match"
"Add","Enabled","Ogburn Online School","General - Home School Programs #2","high school homeschool","Exact match"
"Add","Enabled","Ogburn Online School","General - Home School Programs #2","high school homeschool programs","Exact match"
"Add","Enabled","Ogburn Online School","General - Home School Programs #2","high school homeschooling","Exact match"
"Add","Enabled","Ogburn Online School","General - Home School Programs #2","high school on line","Exact match"
"Add","Enabled","Ogburn Online School","General - Home School Programs #2","high school online","Exact match"
"Add","Enabled","Ogburn Online School","General - Home School Programs #2","high school online classes","Exact match"
"Add","Enabled","Ogburn Online School","General - Home School Programs #2","high school online education","Exact match"
"Add","Enabled","Ogburn Online School","General - Home School Programs #2","high school online high school","Exact match"
"Add","Enabled","Ogburn Online School","General - Home School Programs #2","high school online program","Exact match"
"Add","Enabled","Ogburn Online School","General - Home School Programs #2","high school online school","Exact match"
"Add","Enabled","Ogburn Online School","General - Home School Programs #2","high school online schooling","Exact match"
"Add","Enabled","Ogburn Online School","General - Home School Programs #2","high school online schools","Exact match"
"Add","Enabled","Ogburn Online School","General - Home School Programs #2","high school programs online","Exact match"
"Add","Enabled","Ogburn Online School","General - Home School Programs #2","high school virtual academy","Exact match"
"Add","Enabled","Ogburn Online School","General - Home School Programs #2","high school virtual school","Exact match"
"Add","Enabled","Ogburn Online School","General - Home School Programs #2","highschool home schooling","Exact match"
"Add","Enabled","Ogburn Online School","General - Home School Programs #2","highschool online","Exact match"
"Add","Enabled","Ogburn Online School","General - Home School Programs #2","highschool online schooling","Exact match"
"Add","Enabled","Ogburn Online School","General - Home School Programs #2","highschools online","Exact match"
"Add","Enabled","Ogburn Online School","General - Home School Programs #2","home education","Exact match"
"Add","Enabled","Ogburn Online School","General - Home School Programs #2","home online schooling","Exact match"
"Add","Enabled","Ogburn Online School","General - Home School Programs #2","home scholling","Exact match"
"Add","Enabled","Ogburn Online School","General - Home School Programs #2","home school","Exact match"
"Add","Enabled","Ogburn Online School","General - Home School Programs #2","home school 7th grade","Exact match"
"Add","Enabled","Ogburn Online School","General - Home School Programs #2","home school 8th grade","Exact match"
"Add","Enabled","Ogburn Online School","General - Home School Programs #2","home school academy","Exact match"
"Add","Enabled","Ogburn Online School","General - Home School Programs #2","home school calendar","Exact match"
"Add","Enabled","Ogburn Online School","General - Home School Programs #2","home school certificate program","Exact match"
"Add","Enabled","Ogburn Online School","General - Home School Programs #2","home school courses","Exact match"
"Add","Enabled","Ogburn Online School","General - Home School Programs #2","home school curriculum","Exact match"
"Add","Enabled","Ogburn Online School","General - Home School Programs #2","home school curriculum accredited","Exact match"
"Add","Enabled","Ogburn Online School","General - Home School Programs #2","home school dc","Exact match"
"Add","Enabled","Ogburn Online School","General - Home School Programs #2","home school diploma program","Exact match"
"Add","Enabled","Ogburn Online School","General - Home School Programs #2","home school distance learning","Exact match"
"Add","Enabled","Ogburn Online School","General - Home School Programs #2","home school education program","Exact match"
"Add","Enabled","Ogburn Online School","General - Home School Programs #2","home school enrollment","Exact match"
"Add","Enabled","Ogburn Online School","General - Home School Programs #2","home school fees","Exact match"
"Add","Enabled","Ogburn Online School","General - Home School Programs #2","home school flexible schedule","Exact match"
"Add","Enabled","Ogburn Online School","General - Home School Programs #2","home school for kids","Exact match"
"Add","Enabled","Ogburn Online School","General - Home School Programs #2","home school grand junction","Exact match"
"Add","Enabled","Ogburn Online School","General - Home School Programs #2","home school k 12","Exact match"
"Add","Enabled","Ogburn Online School","General - Home School Programs #2","home school learning","Exact match"
"Add","Enabled","Ogburn Online School","General - Home School Programs #2","home school on line","Exact match"
"Add","Enabled","Ogburn Online School","General - Home School Programs #2","home school online","Exact match"
"Add","Enabled","Ogburn Online School","General - Home School Programs #2","home school price","Exact match"
"Add","Enabled","Ogburn Online School","General - Home School Programs #2","home school private school","Exact match"
"Add","Enabled","Ogburn Online School","General - Home School Programs #2","home school program","Exact match"
"Add","Enabled","Ogburn Online School","General - Home School Programs #2","home school programs","Exact match"
"Add","Enabled","Ogburn Online School","General - Home School Programs #2","home school programs online","Exact match"
"Add","Enabled","Ogburn Online School","General - Home School Programs #2","home school registration","Exact match"
"Add","Enabled","Ogburn Online School","General - Home School Programs #2","home school remote learning","Exact match"
"Add","Enabled","Ogburn Online School","General - Home School Programs #2","home school schedule","Exact match"
"Add","Enabled","Ogburn Online School","General - Home School Programs #2","home school sites","Exact match"
"Add","Enabled","Ogburn Online School","General - Home School Programs #2","home school study program","Exact match"
"Add","Enabled","Ogburn Online School","General - Home School Programs #2","home school transfer credits","Exact match"
"Add","Enabled","Ogburn Online School","General - Home School Programs #2","home school year round enrollment","Exact match"
"Add","Enabled","Ogburn Online School","General - Home School Programs #2","home schooled","Exact match"
"Add","Enabled","Ogburn Online School","General - Home School Programs #2","home schooled homeschooled","Exact match"
"Add","Enabled","Ogburn Online School","General - Home School Programs #2","home schoolers","Exact match"
"Add","Enabled","Ogburn Online School","General - Home School Programs #2","home schooling","Exact match"
"Add","Enabled","Ogburn Online School","General - Home School Programs #2","home schooling debate","Exact match"
"Add","Enabled","Ogburn Online School","General - Home School Programs #2","home schooling my child","Exact match"
"Add","Enabled","Ogburn Online School","General - Home School Programs #2","home schooling online","Exact match"
"Add","Enabled","Ogburn Online School","General - Home School Programs #2","home schooling prices","Exact match"
"Add","Enabled","Ogburn Online School","General - Home School Programs #2","home schooling program","Exact match"
"Add","Enabled","Ogburn Online School","General - Home School Programs #2","home schooling programs","Exact match"
"Add","Enabled","Ogburn Online School","General - Home School Programs #2","home schools","Exact match"
"Add","Enabled","Ogburn Online School","General - Home School Programs #2","home schools my area","Exact match"
"Add","Enabled","Ogburn Online School","General - Home School Programs #2","home schools online","Exact match"
"Add","Enabled","Ogburn Online School","General - Home School Programs #2","home scool","Exact match"
"Add","Enabled","Ogburn Online School","General - Home School Programs #2","home study schools","Exact match"
"Add","Enabled","Ogburn Online School","General - Home School Programs #2","homeachool","Exact match"
"Add","Enabled","Ogburn Online School","General - Home School Programs #2","homeschhool","Exact match"
"Add","Enabled","Ogburn Online School","General - Home School Programs #2","homescholl","Exact match"
"Add","Enabled","Ogburn Online School","General - Home School Programs #2","homeschool","Exact match"
"Add","Enabled","Ogburn Online School","General - Home School Programs #2","homeschool 4th grade","Exact match"
"Add","Enabled","Ogburn Online School","General - Home School Programs #2","homeschool 8th grade","Exact match"
"Add","Enabled","Ogburn Online School","General - Home School Programs #2","homeschool 9th grade","Exact match"
"Add","Enabled","Ogburn Online School","General - Home School Programs #2","homeschool academy","Exact match"
"Add","Enabled","Ogburn Online School","General - Home School Programs #2","homeschool accreditation","Exact match"
"Add","Enabled","Ogburn Online School","General - Home School Programs #2","homeschool accredited","Exact match"
"Add","Enabled","Ogburn Online School","General - Home School Programs #2","homeschool accredited high school","Exact match"
"Add","Enabled","Ogburn Online School","General - Home School Programs #2","homeschool accredited programs","Exact match"
"Add","Enabled","Ogburn Online School","General - Home School Programs #2","homeschool agency","Exact match"
"Add","Enabled","Ogburn Online School","General - Home School Programs #2","homeschool alternative school","Exact match"
"Add","Enabled","Ogburn Online School","General - Home School Programs #2","homeschool alternatives","Exact match"
"Add","Enabled","Ogburn Online School","General - Home School Programs #2","homeschool application","Exact match"
"Add","Enabled","Ogburn Online School","General - Home School Programs #2","homeschool at home","Exact match"
"Add","Enabled","Ogburn Online School","General - Home School Programs #2","homeschool calendar","Exact match"
"Add","Enabled","Ogburn Online School","General - Home School Programs #2","homeschool campus","Exact match"
"Add","Enabled","Ogburn Online School","General - Home School Programs #2","homeschool certificate program","Exact match"
"Add","Enabled","Ogburn Online School","General - Home School Programs #2","homeschool cheap","Exact match"
"Add","Enabled","Ogburn Online School","General - Home School Programs #2","homeschool courses","Exact match"
"Add","Enabled","Ogburn Online School","General - Home School Programs #2","homeschool curriculum","Exact match"
"Add","Enabled","Ogburn Online School","General - Home School Programs #2","homeschool curriculum accredited","Exact match"
"Add","Enabled","Ogburn Online School","General - Home School Programs #2","homeschool diploma program","Exact match"
"Add","Enabled","Ogburn Online School","General - Home School Programs #2","homeschool distance learning","Exact match"
"Add","Enabled","Ogburn Online School","General - Home School Programs #2","homeschool documents","Exact match"
"Add","Enabled","Ogburn Online School","General - Home School Programs #2","homeschool dothan","Exact match"
"Add","Enabled","Ogburn Online School","General - Home School Programs #2","homeschool education program","Exact match"
"Add","Enabled","Ogburn Online School","General - Home School Programs #2","homeschool enrollment","Exact match"
"Add","Enabled","Ogburn Online School","General - Home School Programs #2","homeschool español","Exact match"
"Add","Enabled","Ogburn Online School","General - Home School Programs #2","homeschool flexible schedule","Exact match"
"Add","Enabled","Ogburn Online School","General - Home School Programs #2","homeschool for","Exact match"
"Add","Enabled","Ogburn Online School","General - Home School Programs #2","homeschool for 12th grade","Exact match"
"Add","Enabled","Ogburn Online School","General - Home School Programs #2","homeschool for 2nd grade","Exact match"
"Add","Enabled","Ogburn Online School","General - Home School Programs #2","homeschool for 5th grade","Exact match"
"Add","Enabled","Ogburn Online School","General - Home School Programs #2","homeschool for 5th graders","Exact match"
"Add","Enabled","Ogburn Online School","General - Home School Programs #2","homeschool for 6th grade","Exact match"
"Add","Enabled","Ogburn Online School","General - Home School Programs #2","homeschool for 7th graders","Exact match"
"Add","Enabled","Ogburn Online School","General - Home School Programs #2","homeschool for 8th grade","Exact match"
"Add","Enabled","Ogburn Online School","General - Home School Programs #2","homeschool for 9th grade","Exact match"
"Add","Enabled","Ogburn Online School","General - Home School Programs #2","homeschool for high school","Exact match"
"Add","Enabled","Ogburn Online School","General - Home School Programs #2","homeschool for kids","Exact match"
"Add","Enabled","Ogburn Online School","General - Home School Programs #2","homeschool for seniors","Exact match"
"Add","Enabled","Ogburn Online School","General - Home School Programs #2","homeschool for teens","Exact match"
"Add","Enabled","Ogburn Online School","General - Home School Programs #2","homeschool high school","Exact match"
"Add","Enabled","Ogburn Online School","General - Home School Programs #2","homeschool high school programs","Exact match"
"Add","Enabled","Ogburn Online School","General - Home School Programs #2","homeschool highschool","Exact match"
"Add","Enabled","Ogburn Online School","General - Home School Programs #2","homeschool instruction","Exact match"
"Add","Enabled","Ogburn Online School","General - Home School Programs #2","homeschool k 12","Exact match"
"Add","Enabled","Ogburn Online School","General - Home School Programs #2","homeschool lawyers","Exact match"
"Add","Enabled","Ogburn Online School","General - Home School Programs #2","homeschool learning","Exact match"
"Add","Enabled","Ogburn Online School","General - Home School Programs #2","homeschool mid year","Exact match"
"Add","Enabled","Ogburn Online School","General - Home School Programs #2","homeschool online","Exact match"
"Add","Enabled","Ogburn Online School","General - Home School Programs #2","homeschool online accredited","Exact match"
"Add","Enabled","Ogburn Online School","General - Home School Programs #2","homeschool online high school","Exact match"
"Add","Enabled","Ogburn Online School","General - Home School Programs #2","homeschool online programs","Exact match"
"Add","Enabled","Ogburn Online School","General - Home School Programs #2","homeschool package","Exact match"
"Add","Enabled","Ogburn Online School","General - Home School Programs #2","homeschool pay","Exact match"
"Add","Enabled","Ogburn Online School","General - Home School Programs #2","homeschool plus","Exact match"
"Add","Enabled","Ogburn Online School","General - Home School Programs #2","homeschool pop","Exact match"
"Add","Enabled","Ogburn Online School","General - Home School Programs #2","homeschool prices","Exact match"
"Add","Enabled","Ogburn Online School","General - Home School Programs #2","homeschool printing company","Exact match"
"Add","Enabled","Ogburn Online School","General - Home School Programs #2","homeschool program","Exact match"
"Add","Enabled","Ogburn Online School","General - Home School Programs #2","homeschool programs","Exact match"
"Add","Enabled","Ogburn Online School","General - Home School Programs #2","homeschool programs for 8th grade","Exact match"
"Add","Enabled","Ogburn Online School","General - Home School Programs #2","homeschool programs for high school","Exact match"
"Add","Enabled","Ogburn Online School","General - Home School Programs #2","homeschool programs high school","Exact match"
"Add","Enabled","Ogburn Online School","General - Home School Programs #2","homeschool programs online","Exact match"
"Add","Enabled","Ogburn Online School","General - Home School Programs #2","homeschool registration","Exact match"
"Add","Enabled","Ogburn Online School","General - Home School Programs #2","homeschool remote learning","Exact match"
"Add","Enabled","Ogburn Online School","General - Home School Programs #2","homeschool schedule","Exact match"
"Add","Enabled","Ogburn Online School","General - Home School Programs #2","homeschool sites","Exact match"
"Add","Enabled","Ogburn Online School","General - Home School Programs #2","homeschool solutions","Exact match"
"Add","Enabled","Ogburn Online School","General - Home School Programs #2","homeschool study program","Exact match"
"Add","Enabled","Ogburn Online School","General - Home School Programs #2","homeschool systems","Exact match"
"Add","Enabled","Ogburn Online School","General - Home School Programs #2","homeschool transfer credits","Exact match"
"Add","Enabled","Ogburn Online School","General - Home School Programs #2","homeschool year round enrollment","Exact match"
"Add","Enabled","Ogburn Online School","General - Home School Programs #2","homeschooled","Exact match"
"Add","Enabled","Ogburn Online School","General - Home School Programs #2","homeschooled kids","Exact match"
"Add","Enabled","Ogburn Online School","General - Home School Programs #2","homeschooling","Exact match"
"Add","Enabled","Ogburn Online School","General - Home School Programs #2","homeschooling 5 kids","Exact match"
"Add","Enabled","Ogburn Online School","General - Home School Programs #2","homeschooling application","Exact match"
"Add","Enabled","Ogburn Online School","General - Home School Programs #2","homeschooling ccsd","Exact match"
"Add","Enabled","Ogburn Online School","General - Home School Programs #2","homeschooling en español","Exact match"
"Add","Enabled","Ogburn Online School","General - Home School Programs #2","homeschooling for 10th grade","Exact match"
"Add","Enabled","Ogburn Online School","General - Home School Programs #2","homeschooling for grade 8","Exact match"
"Add","Enabled","Ogburn Online School","General - Home School Programs #2","homeschooling for high school","Exact match"
"Add","Enabled","Ogburn Online School","General - Home School Programs #2","homeschooling for high schoolers","Exact match"
"Add","Enabled","Ogburn Online School","General - Home School Programs #2","homeschooling for teens","Exact match"
"Add","Enabled","Ogburn Online School","General - Home School Programs #2","homeschooling high school","Exact match"
"Add","Enabled","Ogburn Online School","General - Home School Programs #2","homeschooling mid year","Exact match"
"Add","Enabled","Ogburn Online School","General - Home School Programs #2","homeschooling online","Exact match"
"Add","Enabled","Ogburn Online School","General - Home School Programs #2","homeschooling online for high school","Exact match"
"Add","Enabled","Ogburn Online School","General - Home School Programs #2","homeschooling online programs","Exact match"
"Add","Enabled","Ogburn Online School","General - Home School Programs #2","homeschooling prices","Exact match"
"Add","Enabled","Ogburn Online School","General - Home School Programs #2","homeschooling program","Exact match"
"Add","Enabled","Ogburn Online School","General - Home School Programs #2","homeschooling programs","Exact match"
"Add","Enabled","Ogburn Online School","General - Home School Programs #2","homeschooling programs for 8th graders","Exact match"
"Add","Enabled","Ogburn Online School","General - Home School Programs #2","homeschooling programs online","Exact match"
"Add","Enabled","Ogburn Online School","General - Home School Programs #2","homeschooling schools","Exact match"
"Add","Enabled","Ogburn Online School","General - Home School Programs #2","homeschooling while traveling","Exact match"
"Add","Enabled","Ogburn Online School","General - Home School Programs #2","homeschooling without common core","Exact match"
"Add","Enabled","Ogburn Online School","General - Home School Programs #2","homeschools","Exact match"
"Add","Enabled","Ogburn Online School","General - Home School Programs #2","homeshool","Exact match"
"Add","Enabled","Ogburn Online School","General - Home School Programs #2","homschooling","Exact match"
"Add","Enabled","Ogburn Online School","General - Home School Programs #2","hone school","Exact match"
"Add","Enabled","Ogburn Online School","General - Home School Programs #2","hope high school online","Exact match"
"Add","Enabled","Ogburn Online School","General - Home School Programs #2","hope online high school","Exact match"
"Add","Enabled","Ogburn Online School","General - Home School Programs #2","humboldt online school","Exact match"
"Add","Enabled","Ogburn Online School","General - Home School Programs #2","i need someone to homeschool my child","Exact match"
"Add","Enabled","Ogburn Online School","General - Home School Programs #2","i wanna be homeschooled","Exact match"
"Add","Enabled","Ogburn Online School","General - Home School Programs #2","i want to home school my child","Exact match"
"Add","Enabled","Ogburn Online School","General - Home School Programs #2","i want to homeschool but i m scared","Exact match"
"Add","Enabled","Ogburn Online School","General - Home School Programs #2","independent online high school","Exact match"
"Add","Enabled","Ogburn Online School","General - Home School Programs #2","inexpensive homeschool programs","Exact match"
"Add","Enabled","Ogburn Online School","General - Home School Programs #2","inexpensive online schools","Exact match"
"Add","Enabled","Ogburn Online School","General - Home School Programs #2","info on home schooling","Exact match"
"Add","Enabled","Ogburn Online School","General - Home School Programs #2","interactive homeschool","Exact match"
"Add","Enabled","Ogburn Online School","General - Home School Programs #2","international online school","Exact match"
"Add","Enabled","Ogburn Online School","General - Home School Programs #2","internet school program","Exact match"
"Add","Enabled","Ogburn Online School","General - Home School Programs #2","ischool virtual high school","Exact match"
"Add","Enabled","Ogburn Online School","General - Home School Programs #2","junior high home school","Exact match"
"Add","Enabled","Ogburn Online School","General - Home School Programs #2","junior high homeschool","Exact match"
"Add","Enabled","Ogburn Online School","General - Home School Programs #2","junior high online high school","Exact match"
"Add","Enabled","Ogburn Online School","General - Home School Programs #2","junior high online school","Exact match"
"Add","Enabled","Ogburn Online School","General - Home School Programs #2","junior high virtual school","Exact match"
"Add","Enabled","Ogburn Online School","General - Home School Programs #2","k 12 home school","Exact match"
"Add","Enabled","Ogburn Online School","General - Home School Programs #2","k 12 homeschool","Exact match"
"Add","Enabled","Ogburn Online School","General - Home School Programs #2","k 12 online high school","Exact match"
"Add","Enabled","Ogburn Online School","General - Home School Programs #2","k 12 online school","Exact match"
"Add","Enabled","Ogburn Online School","General - Home School Programs #2","k 12 virtual school","Exact match"
"Add","Enabled","Ogburn Online School","General - Home School Programs #2","k12 homeschool program","Exact match"
"Add","Enabled","Ogburn Online School","General - Home School Programs #2","k12 online school reviews","Exact match"
"Add","Enabled","Ogburn Online School","General - Home School Programs #2","k12 online schools","Exact match"
"Add","Enabled","Ogburn Online School","General - Home School Programs #2","kde homeschool","Exact match"
"Add","Enabled","Ogburn Online School","General - Home School Programs #2","kids online school","Exact match"
"Add","Enabled","Ogburn Online School","General - Home School Programs #2","kids school at home","Exact match"
"Add","Enabled","Ogburn Online School","General - Home School Programs #2","kindergarten online school","Exact match"
"Add","Enabled","Ogburn Online School","General - Home School Programs #2","list of accredited home schools","Exact match"
"Add","Enabled","Ogburn Online School","General - Home School Programs #2","list of accredited homeschool programs","Exact match"
"Add","Enabled","Ogburn Online School","General - Home School Programs #2","list of accredited online high schools","Exact match"
"Add","Enabled","Ogburn Online School","General - Home School Programs #2","list of alternative schools","Exact match"
"Add","Enabled","Ogburn Online School","General - Home School Programs #2","local homeschool programs","Exact match"
"Add","Enabled","Ogburn Online School","General - Home School Programs #2","masterman home and school","Exact match"
"Add","Enabled","Ogburn Online School","General - Home School Programs #2","middle school home school","Exact match"
"Add","Enabled","Ogburn Online School","General - Home School Programs #2","middle school homeschool","Exact match"
"Add","Enabled","Ogburn Online School","General - Home School Programs #2","middle school online","Exact match"
"Add","Enabled","Ogburn Online School","General - Home School Programs #2","middle school online high school","Exact match"
"Add","Enabled","Ogburn Online School","General - Home School Programs #2","middle school online school","Exact match"
"Add","Enabled","Ogburn Online School","General - Home School Programs #2","middle school virtual school","Exact match"
"Add","Enabled","Ogburn Online School","General - Home School Programs #2","most affordable online high school","Exact match"
"Add","Enabled","Ogburn Online School","General - Home School Programs #2","most popular homeschool programs","Exact match"
"Add","Enabled","Ogburn Online School","General - Home School Programs #2","my daughter hates school wants homeschooled","Exact match"
"Add","Enabled","Ogburn Online School","General - Home School Programs #2","my local homeschool community","Exact match"
"Add","Enabled","Ogburn Online School","General - Home School Programs #2","national homeschool programs","Exact match"
"Add","Enabled","Ogburn Online School","General - Home School Programs #2","nationally accredited homeschool programs","Exact match"
"Add","Enabled","Ogburn Online School","General - Home School Programs #2","nationally accredited online high schools","Exact match"
"Add","Enabled","Ogburn Online School","General - Home School Programs #2","ncaa approved online high school","Exact match"
"Add","Enabled","Ogburn Online School","General - Home School Programs #2","ncaa approved online high schools","Exact match"
"Add","Enabled","Ogburn Online School","General - Home School Programs #2","ncaa approved online schools","Exact match"
"Add","Enabled","Ogburn Online School","General - Home School Programs #2","ncaa home school","Exact match"
"Add","Enabled","Ogburn Online School","General - Home School Programs #2","ncaa homeschool","Exact match"
"Add","Enabled","Ogburn Online School","General - Home School Programs #2","ncdnpe homeschool","Exact match"
"Add","Enabled","Ogburn Online School","General - Home School Programs #2","on line high school","Exact match"
"Add","Enabled","Ogburn Online School","General - Home School Programs #2","on line school","Exact match"
"Add","Enabled","Ogburn Online School","General - Home School Programs #2","online 10th grade","Exact match"
"Add","Enabled","Ogburn Online School","General - Home School Programs #2","online 11th grade","Exact match"
"Add","Enabled","Ogburn Online School","General - Home School Programs #2","online 12th grade","Exact match"
"Add","Enabled","Ogburn Online School","General - Home School Programs #2","online 1st grade","Exact match"
"Add","Enabled","Ogburn Online School","General - Home School Programs #2","online 2nd grade","Exact match"
"Add","Enabled","Ogburn Online School","General - Home School Programs #2","online 3rd grade","Exact match"
"Add","Enabled","Ogburn Online School","General - Home School Programs #2","online 4th grade","Exact match"
"Add","Enabled","Ogburn Online School","General - Home School Programs #2","online 5th grade","Exact match"
"Add","Enabled","Ogburn Online School","General - Home School Programs #2","online 6th grade","Exact match"
"Add","Enabled","Ogburn Online School","General - Home School Programs #2","online 7th grade","Exact match"
"Add","Enabled","Ogburn Online School","General - Home School Programs #2","online 8th grade","Exact match"
"Add","Enabled","Ogburn Online School","General - Home School Programs #2","online 8th grade school","Exact match"
"Add","Enabled","Ogburn Online School","General - Home School Programs #2","online 9th grade","Exact match"
"Add","Enabled","Ogburn Online School","General - Home School Programs #2","online accredited high school","Exact match"
"Add","Enabled","Ogburn Online School","General - Home School Programs #2","online accredited high schools","Exact match"
"Add","Enabled","Ogburn Online School","General - Home School Programs #2","online accredited homeschool","Exact match"
"Add","Enabled","Ogburn Online School","General - Home School Programs #2","online accredited schools","Exact match"
"Add","Enabled","Ogburn Online School","General - Home School Programs #2","online alternative school","Exact match"
"Add","Enabled","Ogburn Online School","General - Home School Programs #2","online charter high school","Exact match"
"Add","Enabled","Ogburn Online School","General - Home School Programs #2","online college prep high school","Exact match"
"Add","Enabled","Ogburn Online School","General - Home School Programs #2","online education for high school","Exact match"
"Add","Enabled","Ogburn Online School","General - Home School Programs #2","online high schol","Exact match"
"Add","Enabled","Ogburn Online School","General - Home School Programs #2","online high school","Exact match"
"Add","Enabled","Ogburn Online School","General - Home School Programs #2","online high school 9 12","Exact match"
"Add","Enabled","Ogburn Online School","General - Home School Programs #2","online high school academy","Exact match"
"Add","Enabled","Ogburn Online School","General - Home School Programs #2","online high school calendar","Exact match"
"Add","Enabled","Ogburn Online School","General - Home School Programs #2","online high school certificate program","Exact match"
"Add","Enabled","Ogburn Online School","General - Home School Programs #2","online high school courses","Exact match"
"Add","Enabled","Ogburn Online School","General - Home School Programs #2","online high school curriculum","Exact match"
"Add","Enabled","Ogburn Online School","General - Home School Programs #2","online high school curriculum accredited","Exact match"
"Add","Enabled","Ogburn Online School","General - Home School Programs #2","online high school diploma","Exact match"
"Add","Enabled","Ogburn Online School","General - Home School Programs #2","online high school diploma program","Exact match"
"Add","Enabled","Ogburn Online School","General - Home School Programs #2","online high school distance learning","Exact match"
"Add","Enabled","Ogburn Online School","General - Home School Programs #2","online high school education program","Exact match"
"Add","Enabled","Ogburn Online School","General - Home School Programs #2","online high school enroll anytime","Exact match"
"Add","Enabled","Ogburn Online School","General - Home School Programs #2","online high school enrollment","Exact match"
"Add","Enabled","Ogburn Online School","General - Home School Programs #2","online high school flexible schedule","Exact match"
"Add","Enabled","Ogburn Online School","General - Home School Programs #2","online high school for 18 year olds","Exact match"
"Add","Enabled","Ogburn Online School","General - Home School Programs #2","online high school for 19 year olds","Exact match"
"Add","Enabled","Ogburn Online School","General - Home School Programs #2","online high school for 21 year olds","Exact match"
"Add","Enabled","Ogburn Online School","General - Home School Programs #2","online high school for dropouts","Exact match"
"Add","Enabled","Ogburn Online School","General - Home School Programs #2","online high school homeschool programs","Exact match"
"Add","Enabled","Ogburn Online School","General - Home School Programs #2","online high school learning","Exact match"
"Add","Enabled","Ogburn Online School","General - Home School Programs #2","online high school program","Exact match"
"Add","Enabled","Ogburn Online School","General - Home School Programs #2","online high school programs","Exact match"
"Add","Enabled","Ogburn Online School","General - Home School Programs #2","online high school registration","Exact match"
"Add","Enabled","Ogburn Online School","General - Home School Programs #2","online high school remote learning","Exact match"
"Add","Enabled","Ogburn Online School","General - Home School Programs #2","online high school reviews","Exact match"
"Add","Enabled","Ogburn Online School","General - Home School Programs #2","online high school schedule","Exact match"
"Add","Enabled","Ogburn Online School","General - Home School Programs #2","online high school school","Exact match"
"Add","Enabled","Ogburn Online School","General - Home School Programs #2","online high school study program","Exact match"
"Add","Enabled","Ogburn Online School","General - Home School Programs #2","online high school transfer credits","Exact match"
"Add","Enabled","Ogburn Online School","General - Home School Programs #2","online high school year round enrollment","Exact match"
"Add","Enabled","Ogburn Online School","General - Home School Programs #2","online high schooling","Exact match"
"Add","Enabled","Ogburn Online School","General - Home School Programs #2","online high schools","Exact match"
"Add","Enabled","Ogburn Online School","General - Home School Programs #2","online high schools accredited","Exact match"
"Add","Enabled","Ogburn Online School","General - Home School Programs #2","online high schools enrolling now","Exact match"
"Add","Enabled","Ogburn Online School","General - Home School Programs #2","online high schools with open enrollment","Exact match"
"Add","Enabled","Ogburn Online School","General - Home School Programs #2","online highschool","Exact match"
"Add","Enabled","Ogburn Online School","General - Home School Programs #2","online highschool program","Exact match"
"Add","Enabled","Ogburn Online School","General - Home School Programs #2","online highshool","Exact match"
"Add","Enabled","Ogburn Online School","General - Home School Programs #2","online home school","Exact match"
"Add","Enabled","Ogburn Online School","General - Home School Programs #2","online home school program","Exact match"
"Add","Enabled","Ogburn Online School","General - Home School Programs #2","online home school programs","Exact match"
"Add","Enabled","Ogburn Online School","General - Home School Programs #2","online home schools","Exact match"
"Add","Enabled","Ogburn Online School","General - Home School Programs #2","online homeschool","Exact match"
"Add","Enabled","Ogburn Online School","General - Home School Programs #2","online homeschool academy","Exact match"
"Add","Enabled","Ogburn Online School","General - Home School Programs #2","online homeschool accredited","Exact match"
"Add","Enabled","Ogburn Online School","General - Home School Programs #2","online homeschool for 2nd grade","Exact match"
"Add","Enabled","Ogburn Online School","General - Home School Programs #2","online homeschool program","Exact match"
"Add","Enabled","Ogburn Online School","General - Home School Programs #2","online homeschool programs","Exact match"
"Add","Enabled","Ogburn Online School","General - Home School Programs #2","online homeschooling","Exact match"
"Add","Enabled","Ogburn Online School","General - Home School Programs #2","online homeschooling programs","Exact match"
"Add","Enabled","Ogburn Online School","General - Home School Programs #2","online homeschools","Exact match"
"Add","Enabled","Ogburn Online School","General - Home School Programs #2","online hugh school","Exact match"
"Add","Enabled","Ogburn Online School","General - Home School Programs #2","online k 12","Exact match"
"Add","Enabled","Ogburn Online School","General - Home School Programs #2","online k 12 schools","Exact match"
"Add","Enabled","Ogburn Online School","General - Home School Programs #2","online k through 12 school","Exact match"
"Add","Enabled","Ogburn Online School","General - Home School Programs #2","online kindergarten","Exact match"
"Add","Enabled","Ogburn Online School","General - Home School Programs #2","online prep school","Exact match"
"Add","Enabled","Ogburn Online School","General - Home School Programs #2","online private homeschool","Exact match"
"Add","Enabled","Ogburn Online School","General - Home School Programs #2","online private school","Exact match"
"Add","Enabled","Ogburn Online School","General - Home School Programs #2","online private schools","Exact match"
"Add","Enabled","Ogburn Online School","General - Home School Programs #2","online programs for high school students","Exact match"
"Add","Enabled","Ogburn Online School","General - Home School Programs #2","online school","Exact match"
"Add","Enabled","Ogburn Online School","General - Home School Programs #2","online school 4th grade","Exact match"
"Add","Enabled","Ogburn Online School","General - Home School Programs #2","online school 7th grade","Exact match"
"Add","Enabled","Ogburn Online School","General - Home School Programs #2","online school 8th grade","Exact match"
"Add","Enabled","Ogburn Online School","General - Home School Programs #2","online school 9th grade","Exact match"
"Add","Enabled","Ogburn Online School","General - Home School Programs #2","online school academy","Exact match"
"Add","Enabled","Ogburn Online School","General - Home School Programs #2","online school admission","Exact match"
"Add","Enabled","Ogburn Online School","General - Home School Programs #2","online school calendar","Exact match"
"Add","Enabled","Ogburn Online School","General - Home School Programs #2","online school ccsd","Exact match"
"Add","Enabled","Ogburn Online School","General - Home School Programs #2","online school certificate program","Exact match"
"Add","Enabled","Ogburn Online School","General - Home School Programs #2","online school courses","Exact match"
"Add","Enabled","Ogburn Online School","General - Home School Programs #2","online school curriculum","Exact match"
"Add","Enabled","Ogburn Online School","General - Home School Programs #2","online school curriculum accredited","Exact match"
"Add","Enabled","Ogburn Online School","General - Home School Programs #2","online school diploma program","Exact match"
"Add","Enabled","Ogburn Online School","General - Home School Programs #2","online school distance learning","Exact match"
"Add","Enabled","Ogburn Online School","General - Home School Programs #2","online school education program","Exact match"
"Add","Enabled","Ogburn Online School","General - Home School Programs #2","online school enrollment","Exact match"
"Add","Enabled","Ogburn Online School","General - Home School Programs #2","online school flexible schedule","Exact match"
"Add","Enabled","Ogburn Online School","General - Home School Programs #2","online school for 12th graders","Exact match"
"Add","Enabled","Ogburn Online School","General - Home School Programs #2","online school for 4th grade","Exact match"
"Add","Enabled","Ogburn Online School","General - Home School Programs #2","online school for 5th graders","Exact match"
"Add","Enabled","Ogburn Online School","General - Home School Programs #2","online school for 7th grade","Exact match"
"Add","Enabled","Ogburn Online School","General - Home School Programs #2","online school for 7th graders","Exact match"
"Add","Enabled","Ogburn Online School","General - Home School Programs #2","online school for 8th grade","Exact match"
"Add","Enabled","Ogburn Online School","General - Home School Programs #2","online school for 8th graders","Exact match"
"Add","Enabled","Ogburn Online School","General - Home School Programs #2","online school for 9th grade","Exact match"
"Add","Enabled","Ogburn Online School","General - Home School Programs #2","online school for grade 12","Exact match"
"Add","Enabled","Ogburn Online School","General - Home School Programs #2","online school for high school","Exact match"
"Add","Enabled","Ogburn Online School","General - Home School Programs #2","online school for high school dropouts","Exact match"
"Add","Enabled","Ogburn Online School","General - Home School Programs #2","online school for high schoolers","Exact match"
"Add","Enabled","Ogburn Online School","General - Home School Programs #2","online school for homeschool","Exact match"
"Add","Enabled","Ogburn Online School","General - Home School Programs #2","online school for k 12","Exact match"
"Add","Enabled","Ogburn Online School","General - Home School Programs #2","online school for kids","Exact match"
"Add","Enabled","Ogburn Online School","General - Home School Programs #2","online school for seniors","Exact match"
"Add","Enabled","Ogburn Online School","General - Home School Programs #2","online school for struggling students","Exact match"
"Add","Enabled","Ogburn Online School","General - Home School Programs #2","online school high school","Exact match"
"Add","Enabled","Ogburn Online School","General - Home School Programs #2","online school homeschool","Exact match"
"Add","Enabled","Ogburn Online School","General - Home School Programs #2","online school learning","Exact match"
"Add","Enabled","Ogburn Online School","General - Home School Programs #2","online school registration","Exact match"
"Add","Enabled","Ogburn Online School","General - Home School Programs #2","online school remote learning","Exact match"
"Add","Enabled","Ogburn Online School","General - Home School Programs #2","online school schedule","Exact match"
"Add","Enabled","Ogburn Online School","General - Home School Programs #2","online school study program","Exact match"
"Add","Enabled","Ogburn Online School","General - Home School Programs #2","online school transfer credits","Exact match"
"Add","Enabled","Ogburn Online School","General - Home School Programs #2","online school year round enrollment","Exact match"
"Add","Enabled","Ogburn Online School","General - Home School Programs #2","primary home school","Exact match"
"Add","Enabled","Ogburn Online School","General - Home School Programs #2","primary homeschool","Exact match"
"Add","Enabled","Ogburn Online School","General - Home School Programs #2","primary online high school","Exact match"
"Add","Enabled","Ogburn Online School","General - Home School Programs #2","primary online school","Exact match"
"Add","Enabled","Ogburn Online School","General - Home School Programs #2","primary virtual school","Exact match"
"Add","Enabled","Ogburn Online School","General - Home School Programs #2","secondary home school","Exact match"
"Add","Enabled","Ogburn Online School","General - Home School Programs #2","secondary homeschool","Exact match"
"Add","Enabled","Ogburn Online School","General - Home School Programs #2","secondary online high school","Exact match"
"Add","Enabled","Ogburn Online School","General - Home School Programs #2","secondary online school","Exact match"
"Add","Enabled","Ogburn Online School","General - Home School Programs #2","secondary virtual school","Exact match"
"Add","Enabled","Ogburn Online School","General - Home School Programs #2","virtual school academy","Exact match"
"Add","Enabled","Ogburn Online School","General - Home School Programs #2","virtual school calendar","Exact match"
"Add","Enabled","Ogburn Online School","General - Home School Programs #2","virtual school certificate program","Exact match"
"Add","Enabled","Ogburn Online School","General - Home School Programs #2","virtual school courses","Exact match"
"Add","Enabled","Ogburn Online School","General - Home School Programs #2","virtual school curriculum","Exact match"
"Add","Enabled","Ogburn Online School","General - Home School Programs #2","virtual school curriculum accredited","Exact match"
"Add","Enabled","Ogburn Online School","General - Home School Programs #2","virtual school diploma program","Exact match"
"Add","Enabled","Ogburn Online School","General - Home School Programs #2","virtual school distance learning","Exact match"
"Add","Enabled","Ogburn Online School","General - Home School Programs #2","virtual school education program","Exact match"
"Add","Enabled","Ogburn Online School","General - Home School Programs #2","virtual school enrollment","Exact match"
"Add","Enabled","Ogburn Online School","General - Home School Programs #2","virtual school flexible schedule","Exact match"
"Add","Enabled","Ogburn Online School","General - Home School Programs #2","virtual school learning","Exact match"
"Add","Enabled","Ogburn Online School","General - Home School Programs #2","virtual school registration","Exact match"
"Add","Enabled","Ogburn Online School","General - Home School Programs #2","virtual school remote learning","Exact match"
"Add","Enabled","Ogburn Online School","General - Home School Programs #2","virtual school schedule","Exact match"
"Add","Enabled","Ogburn Online School","General - Home School Programs #2","virtual school study program","Exact match"
"Add","Enabled","Ogburn Online School","General - Home School Programs #2","virtual school transfer credits","Exact match"
"Add","Enabled","Ogburn Online School","General - Home School Programs #2","virtual school year round enrollment","Exact match"
